{
  "rmse": 21.239211951435415,
  "mae": 14.874619260835688,
  "r2": 0.734102910824093
}